abbreviation,active,category,category_name,code,created,created_by,deleted,description,group,has_options,id,keph_level,name,search,updated,updated_by
,TRUE,3907645f-f8f9-44da-b66c-ebf73bedacac,NUTRITION SERVICES,1229,2021-08-25T08:57:38.840754Z,2514,FALSE,,5327f709-42aa-4a23-99b3-bb4a655a5ba5,FALSE,0f4bfc1a-f6cf-4609-9ddb-4c05af76ecbb,,Growth Monitoring,,2021-08-25T08:57:38.840760Z,2514
,TRUE,3907645f-f8f9-44da-b66c-ebf73bedacac,NUTRITION SERVICES,1228,2021-08-25T08:54:49.527644Z,2514,FALSE,,5327f709-42aa-4a23-99b3-bb4a655a5ba5,FALSE,d9703f2f-2c5e-48a1-8b88-679796e4fea5,,Multiple Micronutrients,,2021-08-25T08:54:49.527653Z,2514
SFP,TRUE,3907645f-f8f9-44da-b66c-ebf73bedacac,NUTRITION SERVICES,1227,2021-08-25T08:53:33.755217Z,2514,FALSE,,5327f709-42aa-4a23-99b3-bb4a655a5ba5,FALSE,8e50c0e2-0515-41ad-aab9-37f0413c26ab,,Supplemental Feeding Program,,2021-08-25T08:53:33.755234Z,2514
TFP,TRUE,3907645f-f8f9-44da-b66c-ebf73bedacac,NUTRITION SERVICES,1226,2021-08-25T08:52:37.598364Z,2514,FALSE,,5327f709-42aa-4a23-99b3-bb4a655a5ba5,FALSE,579b5a76-0c1c-4f52-ada8-3293fb43f6e2,,Therapeutic feeding Program,,2021-08-25T08:52:37.598370Z,2514
IMAM,TRUE,3907645f-f8f9-44da-b66c-ebf73bedacac,NUTRITION SERVICES,1225,2021-08-25T08:51:41.207366Z,2514,FALSE,,5327f709-42aa-4a23-99b3-bb4a655a5ba5,FALSE,1bb75f3f-00d8-4143-b67b-b30cf25138ff,,Integrated Management of Acute Malnutrition,,2021-08-25T08:51:41.207373Z,2514
,TRUE,3a7cb460-2ecb-450b-b21a-4c67e90ba6d2,"HIV/AIDS Prevention, Care and Treatment Services",1224,2021-08-13T09:19:02.940597Z,3590,FALSE,"Nutrition assessment ,counselling and support ( The NACS process) for PLHIVs",5327f709-42aa-4a23-99b3-bb4a655a5ba5,FALSE,21e8934b-531a-4470-9636-9d87661371de,,"Nutrition assessment ,counselling and support ( The NACS process) for PLHIVs",,2021-08-13T09:19:02.940603Z,3590
,TRUE,3a7cb460-2ecb-450b-b21a-4c67e90ba6d2,"HIV/AIDS Prevention, Care and Treatment Services",1223,2021-08-13T09:18:23.934157Z,3590,FALSE,Management of Sexually Transmitted Illness (STI),5327f709-42aa-4a23-99b3-bb4a655a5ba5,FALSE,ffecc894-9de5-4781-b129-a4a802dba68d,,Management of Sexually Transmitted Illness (STI),,2021-08-13T09:18:23.934163Z,3590
,TRUE,24fd65c9-56ea-497c-82ec-3fdf0ac9d006,NEWBORN CARE SERVICE,1222,2021-08-13T09:17:22.745558Z,3590,FALSE,Comprehensive-management of life-threatening new born complications,5327f709-42aa-4a23-99b3-bb4a655a5ba5,FALSE,f506992a-9399-45cd-be63-b7425cc3c619,,Comprehensive-management of life-threatening new born complications,,2021-08-13T09:17:22.745564Z,3590
,TRUE,3a7cb460-2ecb-450b-b21a-4c67e90ba6d2,"HIV/AIDS Prevention, Care and Treatment Services",1221,2021-08-13T09:10:03.367102Z,3590,FALSE,Post-Exposure Prophylaxis (PEP),5327f709-42aa-4a23-99b3-bb4a655a5ba5,FALSE,3e233b5f-5697-4aff-8135-248c7545f0cb,,Post-Exposure Prophylaxis (PEP),,2021-08-13T09:10:03.367107Z,3590
,TRUE,3a7cb460-2ecb-450b-b21a-4c67e90ba6d2,"HIV/AIDS Prevention, Care and Treatment Services",1220,2021-08-13T09:09:17.473651Z,3590,FALSE,VMMC-Voluntary Medical Male Circumcision Services,5327f709-42aa-4a23-99b3-bb4a655a5ba5,FALSE,045654e6-d6b9-4a53-8729-3923ecb307d0,,VMMC-Voluntary Medical Male Circumcision Services,,2021-08-13T09:09:17.473657Z,3590
,TRUE,3a7cb460-2ecb-450b-b21a-4c67e90ba6d2,"HIV/AIDS Prevention, Care and Treatment Services",1219,2021-08-13T09:08:49.309357Z,3590,FALSE,HIV preventive Package,5327f709-42aa-4a23-99b3-bb4a655a5ba5,FALSE,804da01b-dc0e-4be8-8c27-82fed3c6d693,,HIV preventive Package,,2021-08-13T09:08:49.309363Z,3590
,TRUE,3a7cb460-2ecb-450b-b21a-4c67e90ba6d2,"HIV/AIDS Prevention, Care and Treatment Services",1218,2021-08-13T09:07:35.691756Z,3590,FALSE,HEI - HIV exposed infants,5327f709-42aa-4a23-99b3-bb4a655a5ba5,FALSE,d75a5fa2-7733-4318-a5b8-7492f9834bfd,,HEI - HIV exposed infants,,2021-08-13T09:07:35.691762Z,3590
,TRUE,a2b3b32d-dd24-4ee6-9170-1ccba11dd9c8,OPERATING THEATRES,1217,2021-08-13T09:06:37.826911Z,3590,FALSE,Major Theatre Services,5327f709-42aa-4a23-99b3-bb4a655a5ba5,FALSE,8c58ab49-3faf-4071-86ac-ccef1e9e3c01,,Major Theatre Services,,2021-08-13T09:06:37.826926Z,3590
Basic IMCI-management of acute Infections,TRUE,5e5201c1-1b06-4981-9c78-d652b87f060b,INTEGRATED MANAGEMENT OF CHILDHOOD ILLNESS,1216,2021-08-13T08:10:02.609877Z,3590,FALSE,Basic IMCI-management of acute Infections,5327f709-42aa-4a23-99b3-bb4a655a5ba5,FALSE,f0208ecb-2117-4bfd-9d99-1513b35f7abb,,Basic IMCI-management of acute Infections,,2021-08-13T08:10:02.609884Z,3590
Comprehensive IMCI-resuscitation services,TRUE,5e5201c1-1b06-4981-9c78-d652b87f060b,INTEGRATED MANAGEMENT OF CHILDHOOD ILLNESS,1215,2021-08-13T08:10:02.602870Z,3590,FALSE,Comprehensive IMCI-resuscitation services,5327f709-42aa-4a23-99b3-bb4a655a5ba5,FALSE,cab4aa62-f933-4d4c-b0d0-e8055e898d6b,,Comprehensive IMCI-resuscitation services,,2021-08-13T08:10:02.602878Z,3590
,TRUE,12bfc71f-280f-4c0b-8fb6-c5355a2eef0b,OPHTHALMIC SERVICES,1214,2021-08-13T08:10:02.595253Z,3590,FALSE,,5327f709-42aa-4a23-99b3-bb4a655a5ba5,FALSE,0a51ea8d-e8ce-433a-a382-993e9b380496,,Basic Eye Care,,2021-08-13T08:10:02.595258Z,3590
GES,TRUE,f9841f9a-e435-4bbe-b52e-ac71668af4dc,ACCIDENT AND EMERGENCY CASUALTY SERVICES,1213,2021-08-13T08:10:02.592046Z,3590,FALSE,General Emergency  Services,5327f709-42aa-4a23-99b3-bb4a655a5ba5,TRUE,982194b5-983e-473c-8612-92e697ab5b5b,,General Emergency  Services,,2021-08-13T08:10:02.592052Z,3590
Blood Bank,TRUE,3e3aaefc-720d-4179-b2f6-e2106ee1cdb3,BLOOD SERVICES,1212,2021-08-13T08:10:02.591918Z,3590,FALSE,Blood Bank,5327f709-42aa-4a23-99b3-bb4a655a5ba5,FALSE,2cac4169-2ef0-4996-86f9-d9783edff879,,Blood Bank,,2021-08-13T08:10:02.591924Z,3590
,TRUE,f2cd8d63-b836-4b6e-adbb-b9559f39f130,TUBERCULOSIS TREATMENTS,1211,2021-08-13T08:10:01.713692Z,3590,FALSE,,5327f709-42aa-4a23-99b3-bb4a655a5ba5,FALSE,2d02c78a-595d-43af-9672-7c9adf0ec4d8,,TB treatment,,2021-08-13T08:10:01.713699Z,3590
,TRUE,f9ff84d2-c00d-433c-84c8-ba68cb2edaaf,FORENSIC SERVICES,1209,2021-08-13T08:10:01.665267Z,3590,FALSE,Comprehensive -Post Mortem,5327f709-42aa-4a23-99b3-bb4a655a5ba5,FALSE,79a77fbb-42ec-4f1a-b69c-db4e61f24614,,Comprehensive -Post Mortem,,2021-08-13T08:10:01.665273Z,3590
NHIF,TRUE,afa867f0-aa71-4338-95a6-070c2ce3fd99,NHIF Accreditation status,1208,2021-08-13T08:10:01.663851Z,3590,FALSE,Facility Accredited by NHIF,5327f709-42aa-4a23-99b3-bb4a655a5ba5,FALSE,68c9fe1e-2803-4f47-801e-c8706c62ae22,,Facility Accredited by NHIF,,2021-08-13T08:10:01.663861Z,3590
,TRUE,b080bc59-6b5f-47f4-bd7f-2a37b1a6b62b,ORTHOPAEDIC TECHNOLOGY SERVICES,1207,2021-08-13T08:10:01.661468Z,3590,FALSE,,5327f709-42aa-4a23-99b3-bb4a655a5ba5,FALSE,8af936c9-4638-4d24-bcec-3294de486365,,Orthopaedic Basic Services,,2021-08-13T08:10:01.661474Z,3590
,TRUE,f9ff84d2-c00d-433c-84c8-ba68cb2edaaf,FORENSIC SERVICES,1205,2021-08-13T08:10:01.659420Z,3590,FALSE,"Basic -collection, preservation, of evidence",5327f709-42aa-4a23-99b3-bb4a655a5ba5,FALSE,b3054043-7f39-4577-90e0-87653ddaea17,,"Basic -collection, preservation, of evidence",,2021-08-13T08:10:01.659426Z,3590
,TRUE,b080bc59-6b5f-47f4-bd7f-2a37b1a6b62b,ORTHOPAEDIC TECHNOLOGY SERVICES,1206,2021-08-13T08:10:01.658559Z,3590,FALSE,,5327f709-42aa-4a23-99b3-bb4a655a5ba5,FALSE,fa3ed863-7437-4112-a406-1cf4d9079061,,Specialized Orthopaedic Technology Service,,2021-08-13T08:10:01.658565Z,3590
Basic- Perform basic neonatal resuscitation,TRUE,24fd65c9-56ea-497c-82ec-3fdf0ac9d006,NEWBORN CARE SERVICE,1203,2021-08-13T08:10:01.649514Z,3590,FALSE,Basic- Perform basic neonatal resuscitation,5327f709-42aa-4a23-99b3-bb4a655a5ba5,FALSE,c4de260c-2818-46af-a1a1-cc0448768dc3,,Basic- Perform basic neonatal resuscitation,,2021-08-13T08:10:01.649519Z,3590
,TRUE,71e0e86e-bd52-40d5-8f30-3afc9f491840,RADIOLOGY AND IMAGING,1204,2021-08-13T08:10:01.643239Z,3590,FALSE,,5327f709-42aa-4a23-99b3-bb4a655a5ba5,FALSE,f922b9b4-33a0-4256-85d5-e7cacd072191,,Echocardiography,,2021-08-13T08:10:01.643246Z,3590
,TRUE,281fa080-27a0-46aa-b1e5-1e0a69146c09,IMMUNISATION,1201,2021-08-13T08:10:01.642658Z,3590,FALSE,,5327f709-42aa-4a23-99b3-bb4a655a5ba5,FALSE,5d76ff8e-81bd-422e-a77a-c0cb61d57ce5,,Tetanus Toxoid for Pregnant Women,,2021-08-13T08:10:01.642667Z,3590
,TRUE,09486fbb-8b12-41fa-aa9f-dce183608bb8,TUBERCULOSIS DIAGNOSIS,1200,2021-08-13T08:10:01.642163Z,3590,FALSE,,5327f709-42aa-4a23-99b3-bb4a655a5ba5,FALSE,7b164b51-675d-4213-8e71-ee25ddbc3fa7,,X-Ray,,2021-08-13T08:10:01.642172Z,3590
,TRUE,71e0e86e-bd52-40d5-8f30-3afc9f491840,RADIOLOGY AND IMAGING,1202,2021-08-13T08:10:01.641845Z,3590,FALSE,,5327f709-42aa-4a23-99b3-bb4a655a5ba5,FALSE,a411406e-165c-42c7-b2bf-bfab50048cda,,Ultrasound Services,,2021-08-13T08:10:01.641852Z,3590
,TRUE,41e715c2-530c-4e2c-b0ad-ac79345e2e07,SPECIALIZED IN-PATIENT SERVICES,1210,2021-08-13T08:10:01.640672Z,3590,FALSE,,5327f709-42aa-4a23-99b3-bb4a655a5ba5,FALSE,11d8651c-e827-40a9-ba59-69613150fead,,High Dependency Services,,2021-08-13T08:10:01.640680Z,3590
,TRUE,9bd7424e-c333-471f-974d-6f8283fa263c,PHARMACY SERVICES,1199,2021-08-13T08:10:01.635087Z,3590,FALSE,,5327f709-42aa-4a23-99b3-bb4a655a5ba5,FALSE,8ed620ad-58b2-44a0-bec8-a787ffad671c,,Hospital-Retail Service,,2021-08-13T08:10:01.635093Z,3590
,TRUE,6f8c6c75-135c-4911-848d-8d3467c00605,YOUTH FRIENDLY SERVICES,1198,2021-08-13T08:10:01.632569Z,3590,FALSE,,5327f709-42aa-4a23-99b3-bb4a655a5ba5,FALSE,b67aa1bc-a101-465f-834c-5a0ec9b3a7c8,,Basic YFS-service to the youth offered alongside other services,,2021-08-13T08:10:01.632576Z,3590
,TRUE,12bfc71f-280f-4c0b-8fb6-c5355a2eef0b,OPHTHALMIC SERVICES,1197,2021-08-13T08:10:01.627768Z,3590,FALSE,,5327f709-42aa-4a23-99b3-bb4a655a5ba5,FALSE,5428c280-3fd1-44d0-add4-4577695c6ed5,,"Specialized Opthalmic Services-health facility exclusively offers services for eye disorders including impairement, eye care, routine eye examination and surgery",,2021-08-13T08:10:01.627774Z,3590
,TRUE,12bfc71f-280f-4c0b-8fb6-c5355a2eef0b,OPHTHALMIC SERVICES,1196,2021-08-13T08:10:01.606331Z,3590,FALSE,,5327f709-42aa-4a23-99b3-bb4a655a5ba5,FALSE,773b11ca-11d8-4a6f-9af4-bc2f4ac39a37,,"Intergrated Opthalmic Services with health Facility-eye disorders including impairment,eye care routine, eye examination and surgery",,2021-08-13T08:10:01.606341Z,3590
,TRUE,6f8c6c75-135c-4911-848d-8d3467c00605,YOUTH FRIENDLY SERVICES,1195,2021-08-13T08:10:01.600018Z,3590,FALSE,,5327f709-42aa-4a23-99b3-bb4a655a5ba5,FALSE,18bef7d2-0090-486a-b51d-70be69bd6109,,Comprehensive YFS-separate Building (youth centre) with Recreation Facilities,,2021-08-13T08:10:01.600024Z,3590
,TRUE,281fa080-27a0-46aa-b1e5-1e0a69146c09,IMMUNISATION,1194,2021-08-13T08:10:01.595389Z,3590,FALSE,,5327f709-42aa-4a23-99b3-bb4a655a5ba5,FALSE,1c38a54a-0e64-4068-836a-a823301c630a,,Vaccination Services Given to Travellers,,2021-08-13T08:10:01.595398Z,3590
,TRUE,f9841f9a-e435-4bbe-b52e-ac71668af4dc,ACCIDENT AND EMERGENCY CASUALTY SERVICES,1193,2020-01-21T08:52:40.627079Z,3590,FALSE,,5327f709-42aa-4a23-99b3-bb4a655a5ba5,FALSE,53de4b8f-1afd-48ae-b932-fbd2d6285aa5,,General Emergency Services,,2020-01-21T08:52:40.627086Z,3590
,TRUE,987a5807-fff3-41c6-af81-ac75ad956e49,ONCOLOGY SERVICES,1192,2019-05-31T06:40:21.827194Z,3590,FALSE,,5327f709-42aa-4a23-99b3-bb4a655a5ba5,FALSE,b61429f1-45e2-4983-a11b-634e8afd7eb8,,Leep,,2019-05-31T06:40:21.827205Z,3590
,TRUE,987a5807-fff3-41c6-af81-ac75ad956e49,ONCOLOGY SERVICES,1191,2019-05-31T06:39:57.502441Z,3590,FALSE,,5327f709-42aa-4a23-99b3-bb4a655a5ba5,FALSE,fb68c13b-652a-4fbc-b095-c287a92f35ee,,Cryotherapy,,2019-05-31T06:39:57.502485Z,3590
,TRUE,16917242-1f97-493c-9fc5-36d4184fa7b5,CANCER SCREENING,1190,2019-05-31T06:39:12.147021Z,3590,FALSE,,5327f709-42aa-4a23-99b3-bb4a655a5ba5,FALSE,d9623340-9f30-4f3d-a897-766d31feb735,,Prostate,,2019-05-31T06:39:12.147032Z,3590
,TRUE,16917242-1f97-493c-9fc5-36d4184fa7b5,CANCER SCREENING,1189,2019-05-31T06:38:59.540225Z,3590,FALSE,,5327f709-42aa-4a23-99b3-bb4a655a5ba5,FALSE,5c664567-72be-4252-bc6c-23d37891435c,,Coloreactal,,2019-05-31T06:38:59.540234Z,3590
,TRUE,16917242-1f97-493c-9fc5-36d4184fa7b5,CANCER SCREENING,1188,2019-05-31T06:38:43.759499Z,3590,FALSE,,5327f709-42aa-4a23-99b3-bb4a655a5ba5,FALSE,1af603d5-f675-48d0-8a27-5c1b7867987d,,Breast,,2019-05-31T06:38:43.759512Z,3590
,TRUE,16917242-1f97-493c-9fc5-36d4184fa7b5,CANCER SCREENING,1187,2019-05-31T06:38:26.845545Z,3590,FALSE,,5327f709-42aa-4a23-99b3-bb4a655a5ba5,FALSE,823445bb-f2c4-4692-ba79-8bc68a70cdb6,,Pap smear,,2019-05-31T06:38:26.845557Z,3590
,TRUE,16917242-1f97-493c-9fc5-36d4184fa7b5,CANCER SCREENING,1186,2019-05-31T06:38:02.752430Z,3590,FALSE,,5327f709-42aa-4a23-99b3-bb4a655a5ba5,FALSE,71980cff-b8e7-4a07-9eb8-d12fc49707a8,,Screening using VIA/VILI,,2019-05-31T06:38:02.752440Z,3590
Maternity Theatre,TRUE,a2b3b32d-dd24-4ee6-9170-1ccba11dd9c8,OPERATING THEATRES,1185,2019-04-30T10:31:38.519960Z,4,FALSE,,5327f709-42aa-4a23-99b3-bb4a655a5ba5,TRUE,8a5be41c-5365-48de-a91b-714866f2fc6a,,Maternity Theatre Services,,2019-04-30T10:31:38.519976Z,4
,TRUE,6b43a283-fe4d-4734-a242-d4d9899042e4,MENTAL HEALTH SERVICES,1184,2019-03-26T05:44:32.655681Z,3590,FALSE,,5327f709-42aa-4a23-99b3-bb4a655a5ba5,FALSE,57d6c70e-be6e-4f1d-b225-c43e1167cb87,,Comprehensive Mental Health Service,,2019-03-26T05:44:32.655688Z,3590
,TRUE,99af6fc1-8ec0-4741-a424-f8d0f5b427b5,MORTUARY SERVICES,1183,2017-03-09T10:20:48.756095Z,3590,FALSE,,5327f709-42aa-4a23-99b3-bb4a655a5ba5,FALSE,dbc5657f-73fb-4133-83a1-513a6c620a68,,Comprehensive Mortuary Services,,2017-03-09T10:20:48.756135Z,3590
,TRUE,99af6fc1-8ec0-4741-a424-f8d0f5b427b5,MORTUARY SERVICES,1182,2017-03-09T10:20:33.271403Z,3590,FALSE,,5327f709-42aa-4a23-99b3-bb4a655a5ba5,FALSE,1608379a-09f7-4ff1-9f09-f02bc0063357,,Basic Mortuary Services,,2017-03-09T10:20:33.271428Z,3590
,TRUE,f9ff84d2-c00d-433c-84c8-ba68cb2edaaf,FORENSIC SERVICES,1181,2017-03-09T10:19:32.155958Z,3590,FALSE,,5327f709-42aa-4a23-99b3-bb4a655a5ba5,FALSE,42954c00-add8-4339-bc75-88540984a0d8,,Forensic Services,,2017-03-09T10:19:32.155997Z,3590
,TRUE,7de52474-6aa9-4bd2-8291-a5cd29a1b64c,AMBULATORY SERVICES,1180,2017-03-09T10:19:06.607962Z,3590,FALSE,,5327f709-42aa-4a23-99b3-bb4a655a5ba5,FALSE,edb9376c-28d3-4362-b90a-5301be6e4b6e,,Ambulatory Services,,2017-03-09T10:19:06.608003Z,3590
,TRUE,9bd7424e-c333-471f-974d-6f8283fa263c,PHARMACY SERVICES,1179,2017-03-09T10:18:29.568097Z,3590,FALSE,,5327f709-42aa-4a23-99b3-bb4a655a5ba5,FALSE,323dd629-1f3c-4fab-a2f8-34af3ff1adc9,,Stand Alone - Manufacturing services,,2017-03-09T10:18:29.568122Z,3590
,TRUE,9bd7424e-c333-471f-974d-6f8283fa263c,PHARMACY SERVICES,1178,2017-03-09T10:18:16.938956Z,3590,FALSE,,5327f709-42aa-4a23-99b3-bb4a655a5ba5,FALSE,5ae08fed-c391-4302-987e-c40f414c6b56,,Stand Alone - Wholesale services,,2017-03-09T10:18:16.938981Z,3590
,TRUE,9bd7424e-c333-471f-974d-6f8283fa263c,PHARMACY SERVICES,1177,2017-03-09T10:18:02.472259Z,3590,FALSE,,5327f709-42aa-4a23-99b3-bb4a655a5ba5,FALSE,3d40a692-c5a4-4511-956f-284f10226d34,,Stand Alone - Retail services,,2017-03-09T10:18:02.472278Z,3590
,TRUE,9bd7424e-c333-471f-974d-6f8283fa263c,PHARMACY SERVICES,1176,2017-03-09T10:15:48.914084Z,3590,FALSE,,5327f709-42aa-4a23-99b3-bb4a655a5ba5,FALSE,c9162cc6-2e14-42ca-9014-96826e97c5fc,,Hospital - Retail services,,2017-03-09T10:15:48.914108Z,3590
,TRUE,36d2f7a8-41b3-40f8-8943-e513fa28c8db,LABORATORY SERVICES,1175,2017-03-09T10:15:13.336562Z,3590,FALSE,,5327f709-42aa-4a23-99b3-bb4a655a5ba5,FALSE,16a582d1-de36-4c28-8e54-45ba18b6f56c,,Class F,,2017-03-09T10:15:13.336590Z,3590
,TRUE,36d2f7a8-41b3-40f8-8943-e513fa28c8db,LABORATORY SERVICES,1174,2017-03-09T10:14:58.592030Z,3590,FALSE,,5327f709-42aa-4a23-99b3-bb4a655a5ba5,FALSE,bc51043e-750a-46cf-bf88-8bf18a36f9b7,,Class E,,2017-03-09T10:14:58.592057Z,3590
,TRUE,36d2f7a8-41b3-40f8-8943-e513fa28c8db,LABORATORY SERVICES,1173,2017-03-09T10:14:28.743975Z,3590,FALSE,,5327f709-42aa-4a23-99b3-bb4a655a5ba5,FALSE,3e1235d8-194b-4508-b36f-a29d0c964c6a,,Class D,,2017-03-09T10:14:28.743997Z,3590
,TRUE,36d2f7a8-41b3-40f8-8943-e513fa28c8db,LABORATORY SERVICES,1172,2017-03-09T10:14:11.942470Z,3590,FALSE,,5327f709-42aa-4a23-99b3-bb4a655a5ba5,FALSE,c5847686-3194-456b-93af-796b49b420b3,,Class C,,2017-03-09T10:14:11.942486Z,3590
,TRUE,36d2f7a8-41b3-40f8-8943-e513fa28c8db,LABORATORY SERVICES,1171,2017-03-09T10:13:51.024558Z,3590,FALSE,,5327f709-42aa-4a23-99b3-bb4a655a5ba5,FALSE,f9433583-cc1f-4887-91c4-e0beb5b85f49,,Class B,,2017-03-09T10:13:51.024586Z,3590
,TRUE,36d2f7a8-41b3-40f8-8943-e513fa28c8db,LABORATORY SERVICES,1170,2017-03-09T10:13:40.199120Z,3590,FALSE,,5327f709-42aa-4a23-99b3-bb4a655a5ba5,FALSE,01f1c9b4-52f8-4fc4-b7f9-6a7343be23aa,,Class A,,2017-03-09T10:13:40.199146Z,3590
,TRUE,4a5acc1b-894f-4405-b80e-8e1cfe2609c5,DENTAL SERVICES,1169,2017-03-09T10:13:00.744940Z,3590,FALSE,,5327f709-42aa-4a23-99b3-bb4a655a5ba5,FALSE,04dcd521-4fad-4281-bbe4-d7a39f952436,,Specialised Dental services,,2017-03-09T10:13:00.744970Z,3590
,TRUE,4a5acc1b-894f-4405-b80e-8e1cfe2609c5,DENTAL SERVICES,1168,2017-03-09T10:12:48.295402Z,3590,FALSE,,5327f709-42aa-4a23-99b3-bb4a655a5ba5,FALSE,510318fd-789f-4eae-80fc-56454f5f24eb,,Basic dental services,,2017-03-09T10:12:48.295426Z,3590
,TRUE,6b43a283-fe4d-4734-a242-d4d9899042e4,MENTAL HEALTH SERVICES,1167,2017-03-09T10:12:09.460816Z,3590,FALSE,,5327f709-42aa-4a23-99b3-bb4a655a5ba5,FALSE,5db43910-ef9e-4ddf-959d-1b0f5384b212,,Specialised Mental Health Services,,2017-03-09T10:12:09.460834Z,3590
,TRUE,6b43a283-fe4d-4734-a242-d4d9899042e4,MENTAL HEALTH SERVICES,1166,2017-03-09T10:11:56.171498Z,3590,FALSE,,5327f709-42aa-4a23-99b3-bb4a655a5ba5,FALSE,1f50d873-9042-44c6-90a4-fcdafe2e2b4e,,Basic Mental Health Services,,2017-03-09T10:11:56.171526Z,3590
,TRUE,f32cdd06-fcde-496d-944b-ac5187130d9d,OPHTHALMIC SERVICES,1165,2017-03-09T10:11:24.057894Z,3590,FALSE,,5327f709-42aa-4a23-99b3-bb4a655a5ba5,FALSE,e9ae5089-92c5-4056-adb9-e4c189ffd2b0,,Ophthalmic services,,2017-03-09T10:11:24.057915Z,3590
,TRUE,f3a7f739-8246-4e2e-8c2e-e264eb529e45,REHABILITATION SERVICES,1162,2017-03-09T10:10:09.978743Z,3590,FALSE,,5327f709-42aa-4a23-99b3-bb4a655a5ba5,FALSE,a4a4652c-af80-4ccb-82c9-0356e25bb34d,,Specialised Physiotherapy,,2017-03-09T10:10:09.978764Z,3590
,TRUE,f3a7f739-8246-4e2e-8c2e-e264eb529e45,REHABILITATION SERVICES,1161,2017-03-09T10:06:42.557572Z,3590,FALSE,,5327f709-42aa-4a23-99b3-bb4a655a5ba5,FALSE,cf81709b-6f63-49f8-bacc-a6c802048d33,,Basic Physiotherapy,,2017-03-09T10:06:42.557589Z,3590
,TRUE,f3a7f739-8246-4e2e-8c2e-e264eb529e45,REHABILITATION SERVICES,1160,2017-03-09T10:06:30.329121Z,3590,FALSE,,5327f709-42aa-4a23-99b3-bb4a655a5ba5,FALSE,9374f2ae-3c26-4fbd-abc7-d3366f31cd47,,Specialised Occupational Therapy,,2017-03-09T10:06:30.329156Z,3590
,TRUE,f3a7f739-8246-4e2e-8c2e-e264eb529e45,REHABILITATION SERVICES,1159,2017-03-09T10:06:15.873784Z,3590,FALSE,,5327f709-42aa-4a23-99b3-bb4a655a5ba5,FALSE,46101137-3465-42dd-8404-c6ca65033bb8,,Basic Occupational Therapy,,2017-03-09T10:06:15.873807Z,3590
,TRUE,f3a7f739-8246-4e2e-8c2e-e264eb529e45,REHABILITATION SERVICES,1158,2017-03-09T10:05:43.075220Z,3590,FALSE,,5327f709-42aa-4a23-99b3-bb4a655a5ba5,FALSE,0bf83aed-9ff5-451d-bbd9-42120029e503,,Orthopaedic surgeries,,2017-03-09T10:05:43.075242Z,3590
,TRUE,f3a7f739-8246-4e2e-8c2e-e264eb529e45,REHABILITATION SERVICES,1157,2017-03-09T10:05:14.478169Z,3590,FALSE,,5327f709-42aa-4a23-99b3-bb4a655a5ba5,FALSE,71465f35-4c6f-4dae-ad4e-f064bfa25f57,,Orthopaedic procedures,,2017-03-09T10:05:14.478195Z,3590
,TRUE,f3a7f739-8246-4e2e-8c2e-e264eb529e45,REHABILITATION SERVICES,1156,2017-03-09T10:04:58.102363Z,3590,FALSE,,5327f709-42aa-4a23-99b3-bb4a655a5ba5,FALSE,401150f0-796d-48f0-b47a-48fc6e9a6b16,,Othorpaedic basic services,,2017-03-09T10:04:58.102389Z,3590
,TRUE,2bd4d89c-f532-4ac0-97d4-7e235f199b12,SPECIALIZED OUTPATIENTS CLINIC,1155,2017-03-09T10:02:25.927113Z,3590,FALSE,,5327f709-42aa-4a23-99b3-bb4a655a5ba5,FALSE,08fffb33-be96-4576-83fd-bcaa59610ec2,,Gynaecology,,2017-03-09T10:02:25.927137Z,3590
,TRUE,2bd4d89c-f532-4ac0-97d4-7e235f199b12,SPECIALIZED OUTPATIENTS CLINIC,1154,2017-03-09T10:00:42.354423Z,3590,FALSE,,5327f709-42aa-4a23-99b3-bb4a655a5ba5,FALSE,8b7e2473-b1a0-4e5b-98fd-6d32b3a3f36b,,Skin,,2017-03-09T10:00:42.354461Z,3590
,TRUE,2bd4d89c-f532-4ac0-97d4-7e235f199b12,SPECIALIZED OUTPATIENTS CLINIC,1153,2017-03-09T10:00:29.127180Z,3590,FALSE,,5327f709-42aa-4a23-99b3-bb4a655a5ba5,FALSE,63de1b60-21aa-49d4-b321-f8cb691a9447,,Opthamology,,2017-03-09T10:00:29.127205Z,3590
,TRUE,2bd4d89c-f532-4ac0-97d4-7e235f199b12,SPECIALIZED OUTPATIENTS CLINIC,1152,2017-03-09T10:00:15.173945Z,3590,FALSE,,5327f709-42aa-4a23-99b3-bb4a655a5ba5,FALSE,e7310e58-762f-4aa5-bab4-9ba1fd81aa2e,,ENT,,2017-03-09T10:00:15.173968Z,3590
SOPC,TRUE,2bd4d89c-f532-4ac0-97d4-7e235f199b12,SPECIALIZED OUTPATIENTS CLINIC,1151,2017-03-09T09:59:57.354475Z,3590,FALSE,,5327f709-42aa-4a23-99b3-bb4a655a5ba5,FALSE,e9b6d8ff-c708-4055-918c-3fe518ffe49b,,Surgical outpatient clinic,,2017-03-09T09:59:57.354505Z,3590
POPC,TRUE,2bd4d89c-f532-4ac0-97d4-7e235f199b12,SPECIALIZED OUTPATIENTS CLINIC,1150,2017-03-09T09:59:21.352148Z,3590,FALSE,,5327f709-42aa-4a23-99b3-bb4a655a5ba5,FALSE,595d129b-1b11-453d-a9d1-428297805872,,Paediatric outpatient clinic,,2017-03-09T09:59:21.352171Z,3590
MOPC,TRUE,2bd4d89c-f532-4ac0-97d4-7e235f199b12,SPECIALIZED OUTPATIENTS CLINIC,1149,2017-03-09T09:59:06.349430Z,3590,FALSE,,5327f709-42aa-4a23-99b3-bb4a655a5ba5,FALSE,5e40c92b-0817-4c0d-a318-2bf902b5c014,,Medical Outpatient Clinic,,2017-03-09T09:59:06.349456Z,3590
,TRUE,6ed4d7f1-52c1-4279-91e6-9cefd3ee71fb,RENAL SERVICES,1148,2017-03-09T09:51:17.332291Z,3590,FALSE,,5327f709-42aa-4a23-99b3-bb4a655a5ba5,FALSE,b7716966-cf91-4890-8a28-bfba669d9fc8,,Dialysis,,2017-03-09T09:51:17.332313Z,3590
,TRUE,6ed4d7f1-52c1-4279-91e6-9cefd3ee71fb,RENAL SERVICES,1147,2017-03-09T09:50:13.912070Z,3590,FALSE,,5327f709-42aa-4a23-99b3-bb4a655a5ba5,FALSE,545e0e58-8eec-4748-acd1-74ef3d53b3b1,,Renal services,,2017-03-09T09:50:13.912095Z,3590
,TRUE,f2763883-9b94-4338-a502-58eb44031cd3,HOSPICE SERVICE,1146,2017-03-09T09:46:39.695463Z,3590,FALSE,,5327f709-42aa-4a23-99b3-bb4a655a5ba5,FALSE,31c867ca-a9ea-4925-918e-1887bbb43a01,,Hospice service,,2017-03-09T09:46:39.695489Z,3590
HDU,TRUE,4002e139-e14f-4a47-9005-c69a6d53e97a,HIGH DEPENDENCY SERVICES,1145,2017-03-09T09:45:47.122155Z,3590,FALSE,,5327f709-42aa-4a23-99b3-bb4a655a5ba5,FALSE,cb367785-dc72-44de-9d9c-0f501de86121,,High depedency Services,,2017-03-09T09:45:47.122178Z,3590
,TRUE,4b37538b-483c-4209-8ebc-7f20bee1ef2e,ICU SERVICES,1144,2017-03-09T09:44:53.651567Z,3590,FALSE,,5327f709-42aa-4a23-99b3-bb4a655a5ba5,FALSE,a6def273-73e1-4444-b976-258b7aa16ae0,,ICU services,,2017-03-09T09:44:53.651593Z,3590
,TRUE,f9841f9a-e435-4bbe-b52e-ac71668af4dc,ACCIDENT AND EMERGENCY CASUALTY SERVICES,1143,2017-03-09T09:44:14.129401Z,3590,FALSE,,5327f709-42aa-4a23-99b3-bb4a655a5ba5,FALSE,175f9481-9e91-481a-aa47-173e790c41df,,Accident and Emergency casualty Services,,2017-03-09T09:44:14.129428Z,3590
,TRUE,987a5807-fff3-41c6-af81-ac75ad956e49,ONCOLOGY SERVICES,1142,2017-03-09T09:43:01.994144Z,3590,FALSE,,5327f709-42aa-4a23-99b3-bb4a655a5ba5,FALSE,defc6374-cffc-4a4e-96d1-f869f15d4de3,,Chemotherapy,,2017-03-09T09:43:01.994164Z,3590
,TRUE,987a5807-fff3-41c6-af81-ac75ad956e49,ONCOLOGY SERVICES,1141,2017-03-09T09:42:30.614900Z,3590,FALSE,,5327f709-42aa-4a23-99b3-bb4a655a5ba5,FALSE,d58d4d84-5b16-475a-9794-8a49e92c396d,,Radiotherapy,,2017-03-09T09:42:30.614925Z,3590
,TRUE,987a5807-fff3-41c6-af81-ac75ad956e49,ONCOLOGY SERVICES,1140,2017-03-09T09:42:14.590487Z,3590,FALSE,,5327f709-42aa-4a23-99b3-bb4a655a5ba5,FALSE,f4a9ae76-6d8f-49d3-8e0e-cb50d5a881b4,,Counselling for Oncology Services,,2017-03-09T09:42:14.590505Z,3590
,TRUE,9614d93b-1695-486e-85bd-4df0c4571b01,EMERGENCY PREPAREDNESS,1139,2017-03-09T09:41:40.755451Z,3590,FALSE,,5327f709-42aa-4a23-99b3-bb4a655a5ba5,FALSE,43c6e938-4a48-4b95-b884-827606bbeba6,,Comprehensive Emergency Preparedness,,2017-03-09T09:41:40.755472Z,3590
,TRUE,9614d93b-1695-486e-85bd-4df0c4571b01,EMERGENCY PREPAREDNESS,1138,2017-03-09T09:41:20.763378Z,3590,FALSE,,5327f709-42aa-4a23-99b3-bb4a655a5ba5,FALSE,8ebf7fc6-6a8d-4d1e-9a36-d68f59060dd4,,Basic Emergency Preparedness,,2017-03-09T09:41:20.763404Z,3590
,TRUE,a2b3b32d-dd24-4ee6-9170-1ccba11dd9c8,OPERATING THEATRES,1137,2017-03-09T02:36:51.397072Z,3590,FALSE,,5327f709-42aa-4a23-99b3-bb4a655a5ba5,FALSE,4affde88-738a-4326-94bf-44330fac9d9b,,General Theatre Services,,2017-03-09T02:36:51.397096Z,3590
,TRUE,a2b3b32d-dd24-4ee6-9170-1ccba11dd9c8,OPERATING THEATRES,1136,2017-03-09T02:36:26.999876Z,3590,FALSE,,5327f709-42aa-4a23-99b3-bb4a655a5ba5,FALSE,d6312b2a-4ea8-4c9e-bd12-7125abb30ddd,,Minor Theatre Services,,2017-03-09T02:36:27.000068Z,3590
,TRUE,71e0e86e-bd52-40d5-8f30-3afc9f491840,RADIOLOGY AND IMAGING,1135,2017-03-09T02:35:34.593025Z,3590,FALSE,,5327f709-42aa-4a23-99b3-bb4a655a5ba5,FALSE,b92634da-17c6-483d-ad82-807a54737886,,Barium Meal,,2017-03-09T02:35:34.593051Z,3590
MRI,TRUE,71e0e86e-bd52-40d5-8f30-3afc9f491840,RADIOLOGY AND IMAGING,1134,2017-03-09T02:35:18.652855Z,3590,FALSE,,5327f709-42aa-4a23-99b3-bb4a655a5ba5,FALSE,5da90216-a4c2-4740-a4e9-06833345c3b3,,MRI,,2017-03-09T02:35:18.652877Z,3590
,TRUE,71e0e86e-bd52-40d5-8f30-3afc9f491840,RADIOLOGY AND IMAGING,1133,2017-03-09T02:35:04.710707Z,3590,FALSE,,5327f709-42aa-4a23-99b3-bb4a655a5ba5,FALSE,0d0d1391-86f1-4016-a21d-07d2aba254fd,,Mammography,,2017-03-09T02:35:04.710730Z,3590
,TRUE,71e0e86e-bd52-40d5-8f30-3afc9f491840,RADIOLOGY AND IMAGING,1132,2017-03-09T02:34:53.635879Z,3590,FALSE,,5327f709-42aa-4a23-99b3-bb4a655a5ba5,FALSE,4764c7de-427c-4993-ab30-ed5bc7368049,,CT scans,,2017-03-09T02:34:53.635901Z,3590
,TRUE,71e0e86e-bd52-40d5-8f30-3afc9f491840,RADIOLOGY AND IMAGING,1131,2017-03-09T02:34:39.972606Z,3590,FALSE,,5327f709-42aa-4a23-99b3-bb4a655a5ba5,FALSE,de7c5fea-f358-4f2e-8cb4-517a3fcc3bf6,,Utra-Sound,,2017-03-09T02:34:39.972620Z,3590
,TRUE,71e0e86e-bd52-40d5-8f30-3afc9f491840,RADIOLOGY AND IMAGING,1130,2017-03-09T02:34:24.377110Z,3590,FALSE,,5327f709-42aa-4a23-99b3-bb4a655a5ba5,FALSE,22d0a934-59a2-4e75-8713-c243c8daa59e,,Specialised X-Ray,,2017-03-09T02:34:24.377131Z,3590
,TRUE,71e0e86e-bd52-40d5-8f30-3afc9f491840,RADIOLOGY AND IMAGING,1129,2017-03-09T02:34:09.635903Z,3590,FALSE,,5327f709-42aa-4a23-99b3-bb4a655a5ba5,FALSE,368c963a-b8de-461b-aa82-5ee1b0c0e391,,General X-ray,,2017-03-09T02:34:09.635925Z,3590
,TRUE,3e3aaefc-720d-4179-b2f6-e2106ee1cdb3,BLOOD SERVICES,1128,2017-03-09T02:33:17.554265Z,3590,FALSE,,5327f709-42aa-4a23-99b3-bb4a655a5ba5,FALSE,82862947-12e2-411d-9faa-efb7817c54be,,Blood bank,,2017-03-09T02:33:17.554288Z,3590
,TRUE,3e3aaefc-720d-4179-b2f6-e2106ee1cdb3,BLOOD SERVICES,1127,2017-03-09T02:33:03.587371Z,3590,FALSE,,5327f709-42aa-4a23-99b3-bb4a655a5ba5,FALSE,4a0a80ec-038f-4488-9b7e-9c6e6ce1294c,,Facility offering Blood Transfusion Service,,2017-03-09T02:33:03.587396Z,3590
,TRUE,3e3aaefc-720d-4179-b2f6-e2106ee1cdb3,BLOOD SERVICES,1126,2017-03-09T02:32:45.081967Z,3590,FALSE,,5327f709-42aa-4a23-99b3-bb4a655a5ba5,FALSE,8ae889d3-6f63-4cad-9b65-f6d0ff260702,,Satellite Blood Transfusion service,,2017-03-09T02:32:45.081993Z,3590
,TRUE,00dde80d-a128-419d-86e3-160b40fa2f65,LEPROSY TREATMENT,1125,2017-03-09T02:32:06.197927Z,3590,FALSE,,5327f709-42aa-4a23-99b3-bb4a655a5ba5,FALSE,eab5dc70-1c2f-4e14-9194-b0d89c4ed40e,,Leprosy Treatment,,2017-03-09T02:32:06.197948Z,3590
,TRUE,ec8016c1-b597-4ee3-9582-6fbda7ac10a2,LEPROSY DIAGNOSIS,1124,2017-03-09T02:31:27.635987Z,3590,FALSE,,5327f709-42aa-4a23-99b3-bb4a655a5ba5,FALSE,01f4f54c-9457-46e3-85cb-d5454a0c2e8e,,Slit Skin Smears Culture,,2017-03-09T02:31:27.636013Z,3590
,TRUE,ec8016c1-b597-4ee3-9582-6fbda7ac10a2,LEPROSY DIAGNOSIS,1123,2017-03-09T02:31:10.045414Z,3590,FALSE,,5327f709-42aa-4a23-99b3-bb4a655a5ba5,FALSE,34cacb10-7f97-45c1-83c5-680a194511e2,,Slit Skin Smears Microscopy,,2017-03-09T02:31:10.045437Z,3590
,TRUE,f2cd8d63-b836-4b6e-adbb-b9559f39f130,TUBERCULOSIS TREATMENTS,1122,2017-03-09T02:29:58.357158Z,3590,FALSE,,5327f709-42aa-4a23-99b3-bb4a655a5ba5,FALSE,c8f86493-3e56-404d-ae01-3b942a19dc78,,Drug Resistant Tuberculosis Treatment,,2017-03-09T02:29:58.357182Z,3590
,TRUE,f2cd8d63-b836-4b6e-adbb-b9559f39f130,TUBERCULOSIS TREATMENTS,1121,2017-03-09T02:29:38.577716Z,3590,FALSE,,5327f709-42aa-4a23-99b3-bb4a655a5ba5,FALSE,165745cf-3424-4649-811c-4436895f8695,,Tuberculosis Treatment,,2017-03-09T02:29:38.577747Z,3590
,TRUE,09486fbb-8b12-41fa-aa9f-dce183608bb8,TUBERCULOSIS DIAGNOSIS,1120,2017-03-09T02:28:24.851290Z,3590,FALSE,,5327f709-42aa-4a23-99b3-bb4a655a5ba5,FALSE,2f2827b9-2fa0-4a98-b2ee-0a5ecd74380b,,Fine Needle Aspiration,,2017-03-09T02:28:24.851311Z,3590
,TRUE,09486fbb-8b12-41fa-aa9f-dce183608bb8,TUBERCULOSIS DIAGNOSIS,1119,2017-03-09T02:28:08.257279Z,3590,FALSE,,5327f709-42aa-4a23-99b3-bb4a655a5ba5,FALSE,64636842-b5c8-4348-ae45-37327d29308d,,Xray,,2017-03-09T02:28:08.257300Z,3590
,TRUE,09486fbb-8b12-41fa-aa9f-dce183608bb8,TUBERCULOSIS DIAGNOSIS,1118,2017-03-09T02:27:42.994361Z,3590,FALSE,,5327f709-42aa-4a23-99b3-bb4a655a5ba5,FALSE,08d613f8-8a02-4ae0-92fb-e1f3605fbaf2,,Tuberculosis Culture,,2017-03-09T02:27:42.994384Z,3590
,TRUE,09486fbb-8b12-41fa-aa9f-dce183608bb8,TUBERCULOSIS DIAGNOSIS,1117,2017-03-09T02:27:24.353734Z,3590,FALSE,,5327f709-42aa-4a23-99b3-bb4a655a5ba5,FALSE,a7f087e2-cc9f-4ff3-9edd-376daa75a6dd,,GeneXpert,,2017-03-09T02:27:24.353757Z,3590
,TRUE,09486fbb-8b12-41fa-aa9f-dce183608bb8,TUBERCULOSIS DIAGNOSIS,1116,2017-03-09T02:27:09.916177Z,3590,FALSE,,5327f709-42aa-4a23-99b3-bb4a655a5ba5,FALSE,1db2c15c-cd57-430b-b8ef-73ac984a611c,,Smear Microscopy,,2017-03-09T02:27:09.916192Z,3590
IMCI,TRUE,5e5201c1-1b06-4981-9c78-d652b87f060b,INTEGRATED MANAGEMENT OF CHILDHOOD ILLNESS,1115,2017-03-09T02:25:53.607400Z,3590,FALSE,,5327f709-42aa-4a23-99b3-bb4a655a5ba5,FALSE,8bfb7f08-f301-4daa-b2c8-5caec49abdfe,,Integrated Management of Childhood Illnesses,,2017-03-09T02:25:53.607423Z,3590
,TRUE,281fa080-27a0-46aa-b1e5-1e0a69146c09,IMMUNISATION,1114,2017-03-09T02:24:57.074982Z,3590,FALSE,,5327f709-42aa-4a23-99b3-bb4a655a5ba5,FALSE,01f8c798-86ac-4a44-9342-2e7aa1ef2615,,Vaccination services given to travellers,,2017-03-09T02:24:57.075006Z,3590
,TRUE,281fa080-27a0-46aa-b1e5-1e0a69146c09,IMMUNISATION,1113,2017-03-09T02:24:38.669783Z,3590,FALSE,,5327f709-42aa-4a23-99b3-bb4a655a5ba5,FALSE,969d5083-e88f-4109-8048-948e64ad0f7f,,TT toxoid for Pregnant Women,,2017-03-09T02:24:38.669812Z,3590
,TRUE,281fa080-27a0-46aa-b1e5-1e0a69146c09,IMMUNISATION,1112,2017-03-09T02:24:18.320696Z,3590,FALSE,,5327f709-42aa-4a23-99b3-bb4a655a5ba5,FALSE,49f4af68-6a24-4348-afdd-7e47e225ed33,,Integrated Child Immunization,,2017-03-09T02:24:18.320711Z,3590
YFS,TRUE,6f8c6c75-135c-4911-848d-8d3467c00605,YOUTH FRIENDLY SERVICES,1111,2017-03-09T02:23:42.908295Z,3590,FALSE,,5327f709-42aa-4a23-99b3-bb4a655a5ba5,FALSE,69d94bd2-2294-456f-988a-7f93ed6b4a7a,,Youth - Friendly Services,,2017-03-09T02:23:42.908310Z,3590
,TRUE,7ac5c640-94b3-463c-b820-7c18efa59626,SERVICES FOR GENDER BASED VIOLENCE SURVIVORS,1110,2017-03-09T02:22:39.575564Z,3590,FALSE,,5327f709-42aa-4a23-99b3-bb4a655a5ba5,FALSE,4c71439a-bbcf-45ee-a966-4520140819e0,,Comprehensive Services for Gender- Based- Violence Survivors,,2017-03-09T02:22:39.575588Z,3590
,TRUE,7ac5c640-94b3-463c-b820-7c18efa59626,SERVICES FOR GENDER BASED VIOLENCE SURVIVORS,1109,2017-03-09T02:22:08.570740Z,3590,FALSE,,5327f709-42aa-4a23-99b3-bb4a655a5ba5,FALSE,944f6655-7bfb-42c0-baee-5a62228f858a,,Basic Services for Gender Based Violence Survivors,,2017-03-09T02:22:08.570763Z,3590
,TRUE,ed4c8e0c-865e-4c31-8ff8-24b1f4caedf7,POSTNATAL CARE SERVICES,1108,2017-03-09T02:21:19.888012Z,3590,FALSE,,5327f709-42aa-4a23-99b3-bb4a655a5ba5,FALSE,725ec11e-a9e0-4887-924a-88c21f5e53bd,,Postnatal care services,,2017-03-09T02:21:19.888033Z,3590
,TRUE,731362b6-7769-480d-be85-23cb895c5525,ANTENATAL CARE,1107,2017-03-09T02:20:32.228496Z,3590,FALSE,,5327f709-42aa-4a23-99b3-bb4a655a5ba5,FALSE,1035a26a-3e31-468e-ae03-e0a488eee01a,,Specialised ANC,,2017-03-09T02:20:32.228510Z,3590
FANC,TRUE,731362b6-7769-480d-be85-23cb895c5525,ANTENATAL CARE,1106,2017-03-09T02:20:12.660836Z,3590,FALSE,,5327f709-42aa-4a23-99b3-bb4a655a5ba5,FALSE,04924a6b-1355-4cff-89fe-980da6782794,,Focused Antenatal Care,,2017-03-09T02:20:12.660853Z,3590
,TRUE,f312d0b2-5e41-4587-b54d-ff1d1bc128c6,FAMILY PLANNING,1105,2017-03-09T02:19:17.726656Z,3590,FALSE,,5327f709-42aa-4a23-99b3-bb4a655a5ba5,FALSE,dc6d566f-99d6-4cc8-9f9e-4bd2f608d822,,Permanent,,2017-03-09T02:19:17.726679Z,3590
,TRUE,f312d0b2-5e41-4587-b54d-ff1d1bc128c6,FAMILY PLANNING,1104,2017-03-09T02:19:01.208653Z,3590,FALSE,,5327f709-42aa-4a23-99b3-bb4a655a5ba5,FALSE,50a08e32-ff66-47e2-8e7f-130be6ef0c9f,,Natural,,2017-03-09T02:19:01.208677Z,3590
,TRUE,f312d0b2-5e41-4587-b54d-ff1d1bc128c6,FAMILY PLANNING,1103,2017-03-09T02:18:44.813604Z,3590,FALSE,,5327f709-42aa-4a23-99b3-bb4a655a5ba5,FALSE,1a536286-c5b9-46f4-a72f-919c1fccb8e8,,Long Term,,2017-03-09T02:18:44.813625Z,3590
,TRUE,f312d0b2-5e41-4587-b54d-ff1d1bc128c6,FAMILY PLANNING,1102,2017-03-09T02:18:27.901755Z,3590,FALSE,,5327f709-42aa-4a23-99b3-bb4a655a5ba5,FALSE,437ee289-6c70-4c08-b0b6-8f6409fca992,,Short Term,,2017-03-09T02:18:27.901787Z,3590
,TRUE,24fd65c9-56ea-497c-82ec-3fdf0ac9d006,NEWBORN CARE SERVICE,1101,2017-03-09T02:17:26.150965Z,3590,FALSE,,5327f709-42aa-4a23-99b3-bb4a655a5ba5,FALSE,77d43360-24b3-4c46-9493-887511862b70,,New born Care Service,,2017-03-09T02:17:26.150987Z,3590
,TRUE,2086ae8e-bfd5-48b9-bfa8-f8bac94d16a2,MATERNITY SERVICES,1100,2017-03-09T02:16:34.251394Z,3590,FALSE,,5327f709-42aa-4a23-99b3-bb4a655a5ba5,FALSE,3591e320-440b-4fee-8558-3e0d896f2801,,Comprehensive Maternity Obstetric Care (CeMOC),,2017-03-09T02:16:34.251416Z,3590
,TRUE,2086ae8e-bfd5-48b9-bfa8-f8bac94d16a2,MATERNITY SERVICES,1099,2017-03-09T02:16:10.921202Z,3590,FALSE,,5327f709-42aa-4a23-99b3-bb4a655a5ba5,FALSE,2945b0bd-bc1a-4538-ad89-12b6fd60a7f6,,Basic Obstetric Care (BMOC),,2017-03-09T02:16:10.921227Z,3590
,TRUE,ce8c70b7-14f1-4d56-a7d1-0b5f2886a6d0,HIV TREATMENT,1098,2017-03-09T02:15:25.800197Z,3590,FALSE,,5327f709-42aa-4a23-99b3-bb4a655a5ba5,FALSE,ea9984a1-0652-4c5b-9ad8-716402fa1275,,HIV treatment and care,,2017-03-09T02:15:25.800219Z,3590
,TRUE,3a7cb460-2ecb-450b-b21a-4c67e90ba6d2,"HIV/AIDS Prevention, Care and Treatment Services",1097,2017-03-09T02:13:50.578745Z,3590,FALSE,,5327f709-42aa-4a23-99b3-bb4a655a5ba5,FALSE,ec4f6f43-e4f0-47c9-8f73-90df9a29fac5,,HIV risk reduction for Key populations,,2017-03-09T02:13:50.578767Z,3590
,TRUE,3a7cb460-2ecb-450b-b21a-4c67e90ba6d2,"HIV/AIDS Prevention, Care and Treatment Services",1096,2017-03-09T02:13:31.985846Z,3590,FALSE,,5327f709-42aa-4a23-99b3-bb4a655a5ba5,FALSE,112bc779-78af-4e06-bf84-de67cceac81d,,Infection Prevention and control to mitigate HIV infection in the work place,,2017-03-09T02:13:31.985871Z,3590
,TRUE,3a7cb460-2ecb-450b-b21a-4c67e90ba6d2,"HIV/AIDS Prevention, Care and Treatment Services",1095,2017-03-09T02:10:54.548807Z,3590,FALSE,,5327f709-42aa-4a23-99b3-bb4a655a5ba5,FALSE,50606297-1ad6-4727-aab7-a76189598a0c,,HIV risk reduction services for prioity populations and geographies,,2017-03-09T02:10:54.548830Z,3590
,TRUE,3a7cb460-2ecb-450b-b21a-4c67e90ba6d2,"HIV/AIDS Prevention, Care and Treatment Services",1094,2017-03-09T02:10:32.798872Z,3590,FALSE,EMTCT-Elimination of Mother to Child  Transmission of HIV,5327f709-42aa-4a23-99b3-bb4a655a5ba5,FALSE,50d69e93-5be8-4934-8cb4-3497a82f6e41,,EMTCT-Elimination of Mother to Child  Transmission of HIV,,2017-03-09T02:10:32.798885Z,3590
,TRUE,3a7cb460-2ecb-450b-b21a-4c67e90ba6d2,"HIV/AIDS Prevention, Care and Treatment Services",1093,2017-03-09T02:10:11.437383Z,3590,FALSE,,5327f709-42aa-4a23-99b3-bb4a655a5ba5,FALSE,a52eb0df-78e1-4bd9-83f3-576f1149e3a8,,Condom Distribution & STI Prevention,,2017-03-09T02:10:11.437426Z,3590
,TRUE,3a7cb460-2ecb-450b-b21a-4c67e90ba6d2,"HIV/AIDS Prevention, Care and Treatment Services",1092,2017-03-09T02:09:34.902659Z,3590,FALSE,,5327f709-42aa-4a23-99b3-bb4a655a5ba5,FALSE,77e15030-e647-49ca-a4f8-8b6ed243343f,,HIV Testing Services,,2017-03-09T02:09:34.902682Z,3590
,TRUE,4da1bda7-0f22-4aab-ae23-4c86d206dfaf,CURATIVE SERVICES,1091,2017-03-09T02:06:25.708940Z,3590,FALSE,,5327f709-42aa-4a23-99b3-bb4a655a5ba5,FALSE,498a9c31-96b7-4797-8731-f8f0f5be4e94,,Inpatient,,2017-03-09T02:06:25.708962Z,3590
,TRUE,4da1bda7-0f22-4aab-ae23-4c86d206dfaf,CURATIVE SERVICES,1090,2017-03-09T02:05:51.401143Z,3590,FALSE,,5327f709-42aa-4a23-99b3-bb4a655a5ba5,FALSE,5afb8ee9-a603-48d1-89f5-48b80310d3be,,Outpatient,,2017-03-09T02:05:51.401168Z,3590
